model,seed,IMDB,SST-2,AG News,DBpedia
Baseline LSTM,42,83.923160,81.843687,87.351317,90.582107
Baseline LSTM,123,85.061580,84.500000,86.402633,91.341053
Baseline LSTM,456,86.200000,83.171843,88.300000,92.858947
Baseline LSTM,789,87.338420,87.156313,90.197367,92.100000
Baseline LSTM,1024,88.476840,85.828157,89.248683,93.617893
BERT-base,42,91.300000,88.751317,92.500000,95.869210
BERT-base,123,89.782107,87.802633,91.804299,94.161580
BERT-base,456,92.817893,90.648683,93.195701,96.438420
BERT-base,789,90.541053,89.700000,91.108598,94.730790
BERT-base,1024,92.058947,91.597367,93.891402,95.300000
Our Method,42,94.322192,92.970875,95.617893,96.800000
Our Method,123,92.677808,91.200000,92.582107,96.294036
Our Method,456,95.144384,92.085438,94.858947,97.811929
Our Method,789,91.855616,89.429125,93.341053,95.788071
Our Method,1024,93.500000,90.314562,94.100000,97.305964
