model,seed,accuracy,f1_score,training_time
Baseline LSTM,42,85.934369,85.559667,2.449404
Baseline LSTM,123,86.067184,85.800000,2.398807
Baseline LSTM,456,86.200000,85.679833,2.500000
Baseline LSTM,789,86.332816,86.040333,2.601193
Baseline LSTM,1024,86.465631,85.920167,2.550596
BERT-base,42,91.300000,90.497614,8.424105
BERT-base,123,91.072316,90.700000,8.575895
BERT-base,456,91.527684,90.598807,8.348211
BERT-base,789,91.186158,90.902386,8.651789
BERT-base,1024,91.413842,90.801193,8.500000
Our Method,42,93.645465,92.667184,5.326491
Our Method,123,93.354535,93.065631,5.200000
Our Method,456,93.790930,92.534369,5.263246
Our Method,789,93.209070,92.800000,5.136754
Our Method,1024,93.500000,92.932816,5.073509
